timestamp,gaze_x,gaze_y,gaze_z,origin_x,origin_y,origin_z,confidence
0.000,0.071179,0.234232,0.969571,0.0,0.0,2.0,0.95
0.010,0.078157,0.208912,0.974806,0.0,0.0,2.0,0.95
0.020,0.008770,0.221240,0.975180,0.0,0.0,2.0,0.95
0.030,-0.031233,0.250122,0.967710,0.0,0.0,2.0,0.95
0.040,0.072471,0.215980,0.973705,0.0,0.0,2.0,0.95
0.050,0.140861,0.222566,0.964688,0.0,0.0,2.0,0.95
0.060,-0.005077,0.210817,0.977512,0.0,0.0,2.0,0.95
0.070,-0.091048,0.241021,0.966240,0.0,0.0,2.0,0.95
0.080,0.029365,0.243436,0.969472,0.0,0.0,2.0,0.95
0.090,0.074426,0.235237,0.969084,0.0,0.0,2.0,0.95
0.100,-0.042523,0.283117,0.958142,0.0,0.0,2.0,0.95
0.110,0.088155,0.189415,0.977932,0.0,0.0,2.0,0.95
0.120,0.011182,0.222098,0.974960,0.0,0.0,2.0,0.95
0.130,0.080037,0.219842,0.972247,0.0,0.0,2.0,0.95
0.140,0.043620,0.166680,0.985046,0.0,0.0,2.0,0.95
0.150,0.017906,0.200511,0.979528,0.0,0.0,2.0,0.95
0.160,0.033360,0.198596,0.979513,0.0,0.0,2.0,0.80
0.170,-0.003751,0.205028,0.978749,0.0,0.0,2.0,0.95
0.180,0.105043,0.235151,0.966266,0.0,0.0,2.0,0.95
0.190,0.008107,0.176358,0.984293,0.0,0.0,2.0,0.95
0.200,0.084837,0.228061,0.969944,0.0,0.0,2.0,0.95
0.210,0.036818,0.189544,0.981182,0.0,0.0,2.0,0.95
0.220,0.034576,0.184642,0.982197,0.0,0.0,2.0,0.95
0.230,0.040873,0.237634,0.970494,0.0,0.0,2.0,0.95
0.240,0.078003,0.181619,0.980270,0.0,0.0,2.0,0.71
0.250,0.109421,0.232770,0.966357,0.0,0.0,2.0,0.95
0.260,0.039834,0.190476,0.980883,0.0,0.0,2.0,0.95
0.270,0.123398,0.247700,0.960946,0.0,0.0,2.0,0.95
0.280,0.082366,0.176057,0.980928,0.0,0.0,2.0,0.95
0.290,0.081217,0.269947,0.959444,0.0,0.0,2.0,0.95
0.300,0.126901,0.216361,0.968031,0.0,0.0,2.0,0.95
0.310,0.108384,0.210104,0.971653,0.0,0.0,2.0,0.95
0.320,0.064564,0.239951,0.968636,0.0,0.0,2.0,0.95
0.330,0.029411,0.205392,0.978238,0.0,0.0,2.0,0.95
0.340,0.120372,0.235763,0.964327,0.0,0.0,2.0,0.95
0.350,0.161464,0.164801,0.973021,0.0,0.0,2.0,0.95
0.360,0.035117,0.248896,0.967893,0.0,0.0,2.0,0.95
0.370,0.116738,0.205266,0.971719,0.0,0.0,2.0,0.95
0.380,0.080808,0.219976,0.972153,0.0,0.0,2.0,0.95
0.390,0.062102,0.234342,0.970169,0.0,0.0,2.0,0.95
0.400,0.020206,0.133936,0.990784,0.0,0.0,2.0,0.95
0.410,-0.063456,0.137009,0.988535,0.0,0.0,2.0,0.95
0.420,0.178384,0.200770,0.963260,0.0,0.0,2.0,0.95
0.430,0.030283,0.209932,0.977247,0.0,0.0,2.0,0.95
0.440,0.008225,0.230348,0.973074,0.0,0.0,2.0,0.95
0.450,0.078355,0.120191,0.989654,0.0,0.0,2.0,0.95
0.460,0.090384,0.210148,0.973483,0.0,0.0,2.0,0.95
0.470,0.103168,0.189825,0.976383,0.0,0.0,2.0,0.95
0.480,-0.020033,0.250285,0.967965,0.0,0.0,2.0,0.95
0.490,0.031240,0.225850,0.973661,0.0,0.0,2.0,0.95
0.500,0.135543,0.202509,0.969855,0.0,0.0,2.0,0.95
0.510,0.166829,0.223952,0.960215,0.0,0.0,2.0,0.95
0.520,0.123985,0.232940,0.964555,0.0,0.0,2.0,0.95
0.530,0.087031,0.216502,0.972395,0.0,0.0,2.0,0.95
0.540,-0.090674,0.219230,0.971451,0.0,0.0,2.0,0.95
0.550,0.070353,0.196093,0.978058,0.0,0.0,2.0,0.95
0.560,0.184985,0.208426,0.960385,0.0,0.0,2.0,0.95
0.570,0.081300,0.237170,0.968060,0.0,0.0,2.0,0.95
0.580,0.194386,0.149777,0.969423,0.0,0.0,2.0,0.95
0.590,0.010015,0.174777,0.984557,0.0,0.0,2.0,0.95
0.600,0.171958,0.195244,0.965562,0.0,0.0,2.0,0.95
0.610,0.016546,0.247224,0.968817,0.0,0.0,2.0,0.95
0.620,0.051249,0.233969,0.970893,0.0,0.0,2.0,0.95
0.630,0.157922,0.184823,0.970000,0.0,0.0,2.0,0.95
0.640,0.121439,0.162742,0.979167,0.0,0.0,2.0,0.95
0.650,0.095889,0.206843,0.973664,0.0,0.0,2.0,0.95
0.660,0.126358,0.150435,0.980512,0.0,0.0,2.0,0.95
0.670,0.110477,0.230641,0.966747,0.0,0.0,2.0,0.95
0.680,0.092271,0.177516,0.979783,0.0,0.0,2.0,0.95
0.690,0.133837,0.229663,0.964024,0.0,0.0,2.0,0.95
0.700,0.166858,0.146138,0.975091,0.0,0.0,2.0,0.95
0.710,0.048408,0.202789,0.978025,0.0,0.0,2.0,0.95
0.720,0.218652,0.188412,0.957440,0.0,0.0,2.0,0.95
0.730,0.167880,0.208020,0.963610,0.0,0.0,2.0,0.95
0.740,0.065933,0.206951,0.976127,0.0,0.0,2.0,0.95
0.750,0.063255,0.195112,0.978739,0.0,0.0,2.0,0.95
0.760,0.246748,0.219118,0.943982,0.0,0.0,2.0,0.95
0.770,0.207426,0.184727,0.960651,0.0,0.0,2.0,0.95
0.780,0.228834,0.162678,0.959777,0.0,0.0,2.0,0.95
0.790,0.155787,0.181275,0.971015,0.0,0.0,2.0,0.95
0.800,0.116262,0.184589,0.975915,0.0,0.0,2.0,0.95
0.810,0.211734,0.238536,0.947771,0.0,0.0,2.0,0.95
0.820,0.089844,0.210788,0.973394,0.0,0.0,2.0,0.95
0.830,0.070694,0.263155,0.962160,0.0,0.0,2.0,0.95
0.840,0.112975,0.184045,0.976404,0.0,0.0,2.0,0.95
0.850,0.119699,0.173920,0.977458,0.0,0.0,2.0,0.95
0.860,0.157091,0.169703,0.972894,0.0,0.0,2.0,0.95
0.870,0.164784,0.208456,0.964050,0.0,0.0,2.0,0.77
0.880,0.104794,0.187085,0.976738,0.0,0.0,2.0,0.95
0.890,0.133728,0.153648,0.979035,0.0,0.0,2.0,0.95
0.900,0.190489,0.155557,0.969286,0.0,0.0,2.0,0.62
0.910,0.177147,0.157724,0.971464,0.0,0.0,2.0,0.95
0.920,0.203096,0.203608,0.957756,0.0,0.0,2.0,0.69
0.930,0.199626,0.190562,0.961164,0.0,0.0,2.0,0.95
0.940,0.224088,0.126391,0.966338,0.0,0.0,2.0,0.95
0.950,0.156686,0.182178,0.970701,0.0,0.0,2.0,0.95
0.960,0.203519,0.218859,0.954296,0.0,0.0,2.0,0.95
0.970,0.132865,0.172237,0.976054,0.0,0.0,2.0,0.95
0.980,0.118100,0.242508,0.962934,0.0,0.0,2.0,0.95
0.990,0.069532,0.205100,0.976268,0.0,0.0,2.0,0.95
1.000,0.129059,0.186373,0.973966,0.0,0.0,2.0,0.95
1.010,0.066178,0.169220,0.983354,0.0,0.0,2.0,0.77
1.020,0.152853,0.180405,0.971643,0.0,0.0,2.0,0.95
1.030,0.149819,0.169818,0.974021,0.0,0.0,2.0,0.95
1.040,0.226202,0.127260,0.965732,0.0,0.0,2.0,0.95
1.050,0.174419,0.239793,0.955027,0.0,0.0,2.0,0.95
1.060,0.173600,0.205294,0.963181,0.0,0.0,2.0,0.95
1.070,0.102068,0.151221,0.983216,0.0,0.0,2.0,0.95
1.080,0.183499,0.171793,0.967892,0.0,0.0,2.0,0.95
1.090,0.210021,0.153387,0.965590,0.0,0.0,2.0,0.79
1.100,0.144615,0.182450,0.972522,0.0,0.0,2.0,0.66
1.110,0.088458,0.105845,0.990440,0.0,0.0,2.0,0.95
1.120,0.175442,0.147747,0.973340,0.0,0.0,2.0,0.95
1.130,0.158840,0.190389,0.968773,0.0,0.0,2.0,0.95
1.140,0.107525,0.155224,0.982010,0.0,0.0,2.0,0.95
1.150,0.135188,0.170351,0.976066,0.0,0.0,2.0,0.95
1.160,0.144556,0.152788,0.977630,0.0,0.0,2.0,0.70
1.170,0.238105,0.114680,0.964445,0.0,0.0,2.0,0.95
1.180,0.145071,0.122173,0.981849,0.0,0.0,2.0,0.74
1.190,0.202085,0.207334,0.957170,0.0,0.0,2.0,0.95
1.200,0.151595,0.172472,0.973279,0.0,0.0,2.0,0.95
1.210,0.251265,0.155797,0.955297,0.0,0.0,2.0,0.95
1.220,0.210658,0.186336,0.959636,0.0,0.0,2.0,0.95
1.230,0.205807,0.213188,0.955089,0.0,0.0,2.0,0.95
1.240,0.142309,0.212754,0.966687,0.0,0.0,2.0,0.95
1.250,0.179924,0.164116,0.969893,0.0,0.0,2.0,0.95
1.260,0.156394,0.140487,0.977652,0.0,0.0,2.0,0.95
1.270,0.254233,0.104919,0.961435,0.0,0.0,2.0,0.95
1.280,0.244304,0.155887,0.957087,0.0,0.0,2.0,0.95
1.290,0.193743,0.150643,0.969417,0.0,0.0,2.0,0.95
1.300,0.181413,0.093373,0.978964,0.0,0.0,2.0,0.95
1.310,0.309149,0.184637,0.932918,0.0,0.0,2.0,0.95
1.320,0.097260,0.092216,0.990978,0.0,0.0,2.0,0.95
1.330,0.201497,0.169464,0.964718,0.0,0.0,2.0,0.95
1.340,0.197822,0.133637,0.971086,0.0,0.0,2.0,0.95
1.350,0.159476,0.140920,0.977092,0.0,0.0,2.0,0.95
1.360,0.209643,0.157842,0.964954,0.0,0.0,2.0,0.95
1.370,0.159960,0.152624,0.975253,0.0,0.0,2.0,0.95
1.380,0.156142,0.040645,0.986898,0.0,0.0,2.0,0.95
1.390,0.240941,0.100378,0.965335,0.0,0.0,2.0,0.95
1.400,0.243506,0.184608,0.952169,0.0,0.0,2.0,0.95
1.410,0.257773,0.162632,0.952420,0.0,0.0,2.0,0.66
1.420,0.208994,0.125873,0.969782,0.0,0.0,2.0,0.95
1.430,0.201673,0.161580,0.966033,0.0,0.0,2.0,0.95
1.440,0.230874,0.162978,0.959237,0.0,0.0,2.0,0.95
1.450,0.221973,0.152961,0.962980,0.0,0.0,2.0,0.95
1.460,0.255661,0.119733,0.959323,0.0,0.0,2.0,0.95
1.470,0.187505,0.093190,0.977833,0.0,0.0,2.0,0.95
1.480,0.298625,0.026340,0.954007,0.0,0.0,2.0,0.95
1.490,0.227325,0.145816,0.962840,0.0,0.0,2.0,0.95
1.500,0.229875,0.088211,0.969214,0.0,0.0,2.0,0.95
1.510,0.176206,0.148086,0.973150,0.0,0.0,2.0,0.95
1.520,0.194350,0.150317,0.969347,0.0,0.0,2.0,0.95
1.530,0.172294,0.174171,0.969525,0.0,0.0,2.0,0.95
1.540,0.167003,0.151582,0.974235,0.0,0.0,2.0,0.67
1.550,0.117761,0.100724,0.987921,0.0,0.0,2.0,0.95
1.560,0.289425,0.087964,0.953150,0.0,0.0,2.0,0.95
1.570,0.216969,0.102668,0.970765,0.0,0.0,2.0,0.95
1.580,0.199185,0.104109,0.974416,0.0,0.0,2.0,0.68
1.590,0.326790,0.124019,0.936924,0.0,0.0,2.0,0.95
1.600,0.213909,0.074742,0.973990,0.0,0.0,2.0,0.95
1.610,0.252143,0.060226,0.965814,0.0,0.0,2.0,0.95
1.620,0.274018,0.124649,0.953613,0.0,0.0,2.0,0.95
1.630,0.226998,0.138201,0.964040,0.0,0.0,2.0,0.95
1.640,0.257740,0.082887,0.962652,0.0,0.0,2.0,0.95
1.650,0.188940,0.054335,0.980484,0.0,0.0,2.0,0.95
1.660,0.207795,0.117492,0.971091,0.0,0.0,2.0,0.72
1.670,0.192318,0.078308,0.978203,0.0,0.0,2.0,0.95
1.680,0.201192,0.095558,0.974880,0.0,0.0,2.0,0.95
1.690,0.222946,0.103321,0.969340,0.0,0.0,2.0,0.95
1.700,0.250231,0.070372,0.965625,0.0,0.0,2.0,0.95
1.710,0.233388,0.103978,0.966808,0.0,0.0,2.0,0.95
1.720,0.280331,0.148774,0.948304,0.0,0.0,2.0,0.95
1.730,0.239943,0.060483,0.968901,0.0,0.0,2.0,0.95
1.740,0.276577,0.083623,0.957347,0.0,0.0,2.0,0.95
1.750,0.217180,0.104516,0.970520,0.0,0.0,2.0,0.75
1.760,0.242514,0.053180,0.968689,0.0,0.0,2.0,0.95
1.770,0.255841,0.078000,0.963567,0.0,0.0,2.0,0.95
1.780,0.331505,0.050796,0.942085,0.0,0.0,2.0,0.95
1.790,0.262040,0.095059,0.960364,0.0,0.0,2.0,0.71
1.800,0.189989,0.030374,0.981316,0.0,0.0,2.0,0.95
1.810,0.197247,0.077687,0.977271,0.0,0.0,2.0,0.95
1.820,0.259350,0.019274,0.965591,0.0,0.0,2.0,0.95
1.830,0.268813,0.119077,0.955803,0.0,0.0,2.0,0.95
1.840,0.213763,0.056200,0.975268,0.0,0.0,2.0,0.95
1.850,0.284575,0.006506,0.958632,0.0,0.0,2.0,0.95
1.860,0.351791,0.077422,0.932871,0.0,0.0,2.0,0.95
1.870,0.251242,0.073934,0.965096,0.0,0.0,2.0,0.95
1.880,0.159888,0.074780,0.984299,0.0,0.0,2.0,0.95
1.890,0.303837,0.090497,0.948416,0.0,0.0,2.0,0.95
1.900,0.290518,0.065055,0.954655,0.0,0.0,2.0,0.95
1.910,0.254004,0.072938,0.964449,0.0,0.0,2.0,0.95
1.920,0.336603,0.035247,0.940987,0.0,0.0,2.0,0.95
1.930,0.241766,0.022028,0.970085,0.0,0.0,2.0,0.95
1.940,0.276081,0.114751,0.954260,0.0,0.0,2.0,0.95
1.950,0.327114,0.102339,0.939427,0.0,0.0,2.0,0.95
1.960,0.196122,0.073221,0.977842,0.0,0.0,2.0,0.95
1.970,0.192170,0.028689,0.980942,0.0,0.0,2.0,0.95
1.980,0.248345,0.073582,0.965873,0.0,0.0,2.0,0.95
1.990,0.195613,0.091013,0.976449,0.0,0.0,2.0,0.95
2.000,0.311813,0.056827,0.948442,0.0,0.0,2.0,0.95
2.010,0.266004,0.060935,0.962044,0.0,0.0,2.0,0.95
2.020,0.296672,0.069650,0.952436,0.0,0.0,2.0,0.67
2.030,0.261854,0.033947,0.964510,0.0,0.0,2.0,0.95
2.040,0.299440,0.025505,0.953774,0.0,0.0,2.0,0.95
2.050,0.216761,0.043706,0.975246,0.0,0.0,2.0,0.95
2.060,0.268666,0.051203,0.961872,0.0,0.0,2.0,0.95
2.070,0.220827,0.093885,0.970784,0.0,0.0,2.0,0.95
2.080,0.242310,0.044062,0.969198,0.0,0.0,2.0,0.95
2.090,0.202934,0.017966,0.979027,0.0,0.0,2.0,0.67
2.100,0.334324,0.032061,0.941913,0.0,0.0,2.0,0.95
2.110,0.199421,0.042637,0.978986,0.0,0.0,2.0,0.95
2.120,0.309101,0.007498,0.951000,0.0,0.0,2.0,0.95
2.130,0.319942,-0.025689,0.947089,0.0,0.0,2.0,0.95
2.140,0.374223,-0.011342,0.927269,0.0,0.0,2.0,0.95
2.150,0.230300,0.025590,0.972783,0.0,0.0,2.0,0.95
2.160,0.265812,0.065778,0.961778,0.0,0.0,2.0,0.95
2.170,0.330058,0.018470,0.943780,0.0,0.0,2.0,0.95
2.180,0.278707,0.094746,0.955691,0.0,0.0,2.0,0.95
2.190,0.322726,0.011616,0.946421,0.0,0.0,2.0,0.70
2.200,0.325545,-0.014730,0.945412,0.0,0.0,2.0,0.95
2.210,0.349393,0.021024,0.936740,0.0,0.0,2.0,0.95
2.220,0.299308,0.005505,0.954141,0.0,0.0,2.0,0.95
2.230,0.287557,0.001752,0.957762,0.0,0.0,2.0,0.95
2.240,0.237213,-0.036015,0.970790,0.0,0.0,2.0,0.95
2.250,0.343637,-0.012393,0.939021,0.0,0.0,2.0,0.95
2.260,0.304728,0.026327,0.952075,0.0,0.0,2.0,0.95
2.270,0.320744,0.018891,0.946978,0.0,0.0,2.0,0.95
2.280,0.309001,-0.022122,0.950804,0.0,0.0,2.0,0.95
2.290,0.237584,0.054129,0.969858,0.0,0.0,2.0,0.95
2.300,0.244680,0.012572,0.969522,0.0,0.0,2.0,0.95
2.310,0.265663,0.081999,0.960572,0.0,0.0,2.0,0.95
2.320,0.322548,0.004686,0.946542,0.0,0.0,2.0,0.95
2.330,0.286603,0.010052,0.957997,0.0,0.0,2.0,0.95
2.340,0.315316,0.010430,0.948929,0.0,0.0,2.0,0.95
2.350,0.212492,-0.023683,0.976876,0.0,0.0,2.0,0.95
2.360,0.296696,0.042346,0.954033,0.0,0.0,2.0,0.95
2.370,0.280940,-0.009050,0.959683,0.0,0.0,2.0,0.95
2.380,0.284207,-0.000433,0.958763,0.0,0.0,2.0,0.95
2.390,0.284774,-0.015290,0.958473,0.0,0.0,2.0,0.95
2.400,0.352135,0.038929,0.935139,0.0,0.0,2.0,0.95
2.410,0.327903,-0.048102,0.943486,0.0,0.0,2.0,0.95
2.420,0.338957,0.022529,0.940532,0.0,0.0,2.0,0.95
2.430,0.326983,-0.051053,0.943650,0.0,0.0,2.0,0.95
2.440,0.359827,0.036434,0.932307,0.0,0.0,2.0,0.95
2.450,0.302349,-0.050005,0.951885,0.0,0.0,2.0,0.95
2.460,0.356528,0.029462,0.933820,0.0,0.0,2.0,0.76
2.470,0.304798,-0.005683,0.952400,0.0,0.0,2.0,0.95
2.480,0.287918,-0.079281,0.954368,0.0,0.0,2.0,0.95
2.490,0.335853,-0.042396,0.940960,0.0,0.0,2.0,0.95
2.500,0.302053,-0.005665,0.953274,0.0,0.0,2.0,0.95
2.510,0.296621,0.028971,0.954556,0.0,0.0,2.0,0.95
2.520,0.291048,-0.066333,0.954406,0.0,0.0,2.0,0.95
2.530,0.328839,0.007008,0.944360,0.0,0.0,2.0,0.95
2.540,0.309151,0.013288,0.950920,0.0,0.0,2.0,0.95
2.550,0.266717,-0.052903,0.962322,0.0,0.0,2.0,0.95
2.560,0.304922,-0.044854,0.951321,0.0,0.0,2.0,0.95
2.570,0.298503,0.041232,0.953518,0.0,0.0,2.0,0.95
2.580,0.326544,-0.046616,0.944032,0.0,0.0,2.0,0.95
2.590,0.351143,-0.051145,0.934924,0.0,0.0,2.0,0.95
2.600,0.287339,-0.019399,0.957632,0.0,0.0,2.0,0.71
2.610,0.344878,-0.036568,0.937935,0.0,0.0,2.0,0.95
2.620,0.345507,-0.018493,0.938234,0.0,0.0,2.0,0.95
2.630,0.264177,-0.049335,0.963212,0.0,0.0,2.0,0.95
2.640,0.337938,-0.037412,0.940424,0.0,0.0,2.0,0.95
2.650,0.332259,-0.040374,0.942324,0.0,0.0,2.0,0.95
2.660,0.280309,0.006721,0.959886,0.0,0.0,2.0,0.64
2.670,0.266968,-0.031357,0.963195,0.0,0.0,2.0,0.95
2.680,0.312738,-0.021027,0.949607,0.0,0.0,2.0,0.95
2.690,0.278329,-0.018724,0.960303,0.0,0.0,2.0,0.95
2.700,0.348289,-0.102821,0.931731,0.0,0.0,2.0,0.95
2.710,0.248398,-0.036584,0.967967,0.0,0.0,2.0,0.95
2.720,0.363185,-0.081834,0.928116,0.0,0.0,2.0,0.95
2.730,0.363320,-0.000530,0.931664,0.0,0.0,2.0,0.95
2.740,0.317243,-0.076211,0.945277,0.0,0.0,2.0,0.95
2.750,0.322607,-0.055961,0.944877,0.0,0.0,2.0,0.95
2.760,0.357336,-0.038166,0.933196,0.0,0.0,2.0,0.95
2.770,0.337413,-0.024355,0.941042,0.0,0.0,2.0,0.95
2.780,0.274437,-0.061055,0.959665,0.0,0.0,2.0,0.95
2.790,0.351793,-0.028026,0.935658,0.0,0.0,2.0,0.95
2.800,0.330463,-0.050895,0.942446,0.0,0.0,2.0,0.95
2.810,0.293363,-0.108055,0.949875,0.0,0.0,2.0,0.95
2.820,0.322818,-0.047700,0.945258,0.0,0.0,2.0,0.95
2.830,0.342159,-0.059191,0.937776,0.0,0.0,2.0,0.95
2.840,0.281528,-0.106508,0.953624,0.0,0.0,2.0,0.95
2.850,0.443254,-0.072955,0.893422,0.0,0.0,2.0,0.64
2.860,0.386948,-0.082887,0.918369,0.0,0.0,2.0,0.70
2.870,0.275931,-0.062645,0.959134,0.0,0.0,2.0,0.95
2.880,0.210299,-0.037547,0.976916,0.0,0.0,2.0,0.95
2.890,0.277252,0.034219,0.960188,0.0,0.0,2.0,0.95
2.900,0.276992,-0.076651,0.957810,0.0,0.0,2.0,0.95
2.910,0.354836,-0.076188,0.931819,0.0,0.0,2.0,0.95
2.920,0.312059,-0.073683,0.947201,0.0,0.0,2.0,0.95
2.930,0.401732,-0.052031,0.914278,0.0,0.0,2.0,0.95
2.940,0.232041,-0.107421,0.966756,0.0,0.0,2.0,0.95
2.950,0.291704,-0.006456,0.956487,0.0,0.0,2.0,0.95
2.960,0.352619,-0.034063,0.935147,0.0,0.0,2.0,0.95
2.970,0.308712,-0.116554,0.943987,0.0,0.0,2.0,0.95
2.980,0.412241,-0.106498,0.904829,0.0,0.0,2.0,0.95
2.990,0.334634,-0.056418,0.940658,0.0,0.0,2.0,0.69
3.000,0.168498,-0.141749,0.975457,0.0,0.0,2.0,0.95
3.010,0.289829,-0.095336,0.952318,0.0,0.0,2.0,0.95
3.020,0.369966,-0.126148,0.920441,0.0,0.0,2.0,0.95
3.030,0.343521,-0.103930,0.933377,0.0,0.0,2.0,0.95
3.040,0.324733,-0.044789,0.944745,0.0,0.0,2.0,0.95
3.050,0.338139,-0.038161,0.940322,0.0,0.0,2.0,0.95
3.060,0.314443,-0.092784,0.944731,0.0,0.0,2.0,0.95
3.070,0.265369,-0.081592,0.960688,0.0,0.0,2.0,0.95
3.080,0.272820,-0.112495,0.955465,0.0,0.0,2.0,0.95
3.090,0.340776,-0.111261,0.933538,0.0,0.0,2.0,0.95
3.100,0.310218,-0.131742,0.941493,0.0,0.0,2.0,0.95
3.110,0.308980,0.001792,0.951067,0.0,0.0,2.0,0.95
3.120,0.243128,-0.035682,0.969338,0.0,0.0,2.0,0.95
3.130,0.382944,-0.104419,0.917851,0.0,0.0,2.0,0.95
3.140,0.303475,-0.057358,0.951111,0.0,0.0,2.0,0.95
3.150,0.264716,-0.068070,0.961921,0.0,0.0,2.0,0.95
3.160,0.395682,-0.091313,0.913837,0.0,0.0,2.0,0.95
3.170,0.287661,-0.090075,0.953487,0.0,0.0,2.0,0.95
3.180,0.266669,-0.049181,0.962532,0.0,0.0,2.0,0.95
3.190,0.340114,-0.100410,0.935008,0.0,0.0,2.0,0.95
3.200,0.288710,-0.091349,0.953049,0.0,0.0,2.0,0.95
3.210,0.243305,-0.115304,0.963072,0.0,0.0,2.0,0.95
3.220,0.328014,-0.165332,0.930093,0.0,0.0,2.0,0.95
3.230,0.259267,-0.165483,0.951523,0.0,0.0,2.0,0.95
3.240,0.267188,-0.131637,0.954611,0.0,0.0,2.0,0.95
3.250,0.262205,-0.101386,0.959672,0.0,0.0,2.0,0.95
3.260,0.310552,-0.153742,0.938041,0.0,0.0,2.0,0.95
3.270,0.302156,-0.076243,0.950205,0.0,0.0,2.0,0.95
3.280,0.271076,-0.075307,0.959607,0.0,0.0,2.0,0.95
3.290,0.261140,-0.087333,0.961342,0.0,0.0,2.0,0.95
3.300,0.260515,-0.042152,0.964549,0.0,0.0,2.0,0.95
3.310,0.335717,-0.110717,0.935434,0.0,0.0,2.0,0.95
3.320,0.367679,-0.137536,0.919726,0.0,0.0,2.0,0.95
3.330,0.344352,-0.167338,0.923807,0.0,0.0,2.0,0.95
3.340,0.384098,-0.160033,0.909317,0.0,0.0,2.0,0.70
3.350,0.286792,-0.127869,0.949421,0.0,0.0,2.0,0.95
3.360,0.356249,-0.133790,0.924763,0.0,0.0,2.0,0.95
3.370,0.315015,-0.081798,0.945555,0.0,0.0,2.0,0.95
3.380,0.343190,-0.118376,0.931777,0.0,0.0,2.0,0.95
3.390,0.284310,-0.124588,0.950603,0.0,0.0,2.0,0.95
3.400,0.314416,-0.102224,0.943765,0.0,0.0,2.0,0.95
3.410,0.231867,-0.127583,0.964345,0.0,0.0,2.0,0.95
3.420,0.340853,-0.144744,0.928907,0.0,0.0,2.0,0.95
3.430,0.232879,-0.140339,0.962327,0.0,0.0,2.0,0.95
3.440,0.321500,-0.106739,0.940874,0.0,0.0,2.0,0.95
3.450,0.313824,-0.079131,0.946178,0.0,0.0,2.0,0.95
3.460,0.222848,-0.101289,0.969577,0.0,0.0,2.0,0.95
3.470,0.375751,-0.135428,0.916772,0.0,0.0,2.0,0.95
3.480,0.351533,-0.156198,0.923053,0.0,0.0,2.0,0.95
3.490,0.354307,-0.109512,0.928695,0.0,0.0,2.0,0.95
3.500,0.309669,-0.144097,0.939862,0.0,0.0,2.0,0.65
3.510,0.291503,-0.122127,0.948742,0.0,0.0,2.0,0.95
3.520,0.391307,-0.159066,0.906409,0.0,0.0,2.0,0.95
3.530,0.241953,-0.111733,0.963833,0.0,0.0,2.0,0.95
3.540,0.347241,-0.134291,0.928111,0.0,0.0,2.0,0.95
3.550,0.279387,-0.137178,0.950329,0.0,0.0,2.0,0.95
3.560,0.318207,-0.113276,0.941230,0.0,0.0,2.0,0.95
3.570,0.373419,-0.113213,0.920729,0.0,0.0,2.0,0.95
3.580,0.385326,-0.084803,0.918876,0.0,0.0,2.0,0.95
3.590,0.310151,-0.114763,0.943735,0.0,0.0,2.0,0.95
3.600,0.428339,-0.128146,0.894486,0.0,0.0,2.0,0.95
3.610,0.183607,-0.114398,0.976320,0.0,0.0,2.0,0.95
3.620,0.279745,-0.151605,0.948029,0.0,0.0,2.0,0.95
3.630,0.343604,-0.049730,0.937797,0.0,0.0,2.0,0.95
3.640,0.278964,-0.141906,0.949759,0.0,0.0,2.0,0.95
3.650,0.272638,-0.136169,0.952432,0.0,0.0,2.0,0.95
3.660,0.297847,-0.091486,0.950220,0.0,0.0,2.0,0.95
3.670,0.306543,-0.135431,0.942173,0.0,0.0,2.0,0.95
3.680,0.323910,-0.184035,0.928016,0.0,0.0,2.0,0.95
3.690,0.249558,-0.144631,0.957498,0.0,0.0,2.0,0.95
3.700,0.345864,-0.171194,0.922535,0.0,0.0,2.0,0.95
3.710,0.359908,-0.137103,0.922859,0.0,0.0,2.0,0.95
3.720,0.310392,-0.162321,0.936648,0.0,0.0,2.0,0.95
3.730,0.348881,-0.103590,0.931424,0.0,0.0,2.0,0.95
3.740,0.270493,-0.122136,0.954943,0.0,0.0,2.0,0.95
3.750,0.323913,-0.167566,0.931129,0.0,0.0,2.0,0.95
3.760,0.262698,-0.138385,0.954903,0.0,0.0,2.0,0.95
3.770,0.305793,-0.142188,0.941421,0.0,0.0,2.0,0.95
3.780,0.361751,-0.178858,0.914957,0.0,0.0,2.0,0.95
3.790,0.272372,-0.195674,0.942086,0.0,0.0,2.0,0.95
3.800,0.224214,-0.133713,0.965323,0.0,0.0,2.0,0.95
3.810,0.372380,-0.117672,0.920590,0.0,0.0,2.0,0.95
3.820,0.199546,-0.196277,0.960030,0.0,0.0,2.0,0.95
3.830,0.265628,-0.195972,0.943947,0.0,0.0,2.0,0.95
3.840,0.232379,-0.191194,0.953648,0.0,0.0,2.0,0.95
3.850,0.295646,-0.090933,0.950960,0.0,0.0,2.0,0.95
3.860,0.235336,-0.178021,0.955471,0.0,0.0,2.0,0.73
3.870,0.246054,-0.202794,0.947804,0.0,0.0,2.0,0.74
3.880,0.334835,-0.229401,0.913926,0.0,0.0,2.0,0.95
3.890,0.282838,-0.167153,0.944491,0.0,0.0,2.0,0.95
3.900,0.312583,-0.143430,0.938999,0.0,0.0,2.0,0.68
3.910,0.276350,-0.151502,0.949041,0.0,0.0,2.0,0.95
3.920,0.286491,-0.186321,0.939791,0.0,0.0,2.0,0.95
3.930,0.248037,-0.170551,0.953619,0.0,0.0,2.0,0.95
3.940,0.307027,-0.132377,0.942449,0.0,0.0,2.0,0.95
3.950,0.223409,-0.220927,0.949358,0.0,0.0,2.0,0.95
3.960,0.266657,-0.154698,0.951295,0.0,0.0,2.0,0.95
3.970,0.210960,-0.243883,0.946582,0.0,0.0,2.0,0.95
3.980,0.302852,-0.201703,0.931449,0.0,0.0,2.0,0.95
3.990,0.272182,-0.180172,0.945228,0.0,0.0,2.0,0.95
4.000,0.266287,-0.185644,0.945847,0.0,0.0,2.0,0.95
4.010,0.357229,-0.165063,0.919316,0.0,0.0,2.0,0.95
4.020,0.318616,-0.178539,0.930918,0.0,0.0,2.0,0.95
4.030,0.211462,-0.204668,0.955717,0.0,0.0,2.0,0.95
4.040,0.262619,-0.195247,0.944939,0.0,0.0,2.0,0.95
4.050,0.285913,-0.180310,0.941139,0.0,0.0,2.0,0.95
4.060,0.277251,-0.132541,0.951612,0.0,0.0,2.0,0.95
4.070,0.308172,-0.146092,0.940046,0.0,0.0,2.0,0.73
4.080,0.335741,-0.189445,0.922707,0.0,0.0,2.0,0.63
4.090,0.398134,-0.162484,0.902822,0.0,0.0,2.0,0.95
4.100,0.287097,-0.228571,0.930231,0.0,0.0,2.0,0.95
4.110,0.204977,-0.181483,0.961794,0.0,0.0,2.0,0.60
4.120,0.290941,-0.099701,0.951532,0.0,0.0,2.0,0.95
4.130,0.304063,-0.171615,0.937067,0.0,0.0,2.0,0.95
4.140,0.231980,-0.248024,0.940569,0.0,0.0,2.0,0.95
4.150,0.252995,-0.139142,0.957409,0.0,0.0,2.0,0.95
4.160,0.341761,-0.200747,0.918096,0.0,0.0,2.0,0.95
4.170,0.258302,-0.232269,0.937727,0.0,0.0,2.0,0.95
4.180,0.130597,-0.192718,0.972525,0.0,0.0,2.0,0.95
4.190,0.267604,-0.180300,0.946509,0.0,0.0,2.0,0.95
4.200,0.257852,-0.233115,0.937641,0.0,0.0,2.0,0.95
4.210,0.201657,-0.216050,0.955331,0.0,0.0,2.0,0.95
4.220,0.209219,-0.195960,0.958033,0.0,0.0,2.0,0.74
4.230,0.263324,-0.167839,0.949995,0.0,0.0,2.0,0.95
4.240,0.242018,-0.235823,0.941177,0.0,0.0,2.0,0.95
4.250,0.314251,-0.133111,0.939962,0.0,0.0,2.0,0.95
4.260,0.211300,-0.261606,0.941761,0.0,0.0,2.0,0.95
4.270,0.264854,-0.187747,0.945835,0.0,0.0,2.0,0.95
4.280,0.172762,-0.260867,0.949790,0.0,0.0,2.0,0.95
4.290,0.279935,-0.146800,0.948729,0.0,0.0,2.0,0.77
4.300,0.224884,-0.143558,0.963752,0.0,0.0,2.0,0.95
4.310,0.200815,-0.226038,0.953195,0.0,0.0,2.0,0.95
4.320,0.241904,-0.155909,0.957692,0.0,0.0,2.0,0.95
4.330,0.360561,-0.190699,0.913033,0.0,0.0,2.0,0.95
4.340,0.232031,-0.199273,0.952078,0.0,0.0,2.0,0.95
4.350,0.277506,-0.189106,0.941929,0.0,0.0,2.0,0.95
4.360,0.301732,-0.188453,0.934582,0.0,0.0,2.0,0.95
4.370,0.308508,-0.184877,0.933083,0.0,0.0,2.0,0.95
4.380,0.309187,-0.196368,0.930507,0.0,0.0,2.0,0.95
4.390,0.204038,-0.192004,0.959949,0.0,0.0,2.0,0.95
4.400,0.264096,-0.226283,0.937576,0.0,0.0,2.0,0.95
4.410,0.226713,-0.278349,0.933340,0.0,0.0,2.0,0.95
4.420,0.268561,-0.197464,0.942806,0.0,0.0,2.0,0.95
4.430,0.268355,-0.227329,0.936113,0.0,0.0,2.0,0.95
4.440,0.215723,-0.222836,0.950688,0.0,0.0,2.0,0.95
4.450,0.255840,-0.235062,0.937705,0.0,0.0,2.0,0.95
4.460,0.319237,-0.192851,0.927845,0.0,0.0,2.0,0.95
4.470,0.144967,-0.182334,0.972491,0.0,0.0,2.0,0.95
4.480,0.207587,-0.209432,0.955534,0.0,0.0,2.0,0.74
4.490,0.302830,-0.157358,0.939964,0.0,0.0,2.0,0.95
4.500,0.315330,-0.165761,0.934393,0.0,0.0,2.0,0.95
4.510,0.321720,-0.195858,0.926356,0.0,0.0,2.0,0.95
4.520,0.221952,-0.218704,0.950214,0.0,0.0,2.0,0.95
4.530,0.277603,-0.221387,0.934839,0.0,0.0,2.0,0.95
4.540,0.289815,-0.236758,0.927337,0.0,0.0,2.0,0.95
4.550,0.239028,-0.199057,0.950391,0.0,0.0,2.0,0.95
4.560,0.306327,-0.175941,0.935526,0.0,0.0,2.0,0.95
4.570,0.201392,-0.222469,0.953912,0.0,0.0,2.0,0.95
4.580,0.225844,-0.234570,0.945501,0.0,0.0,2.0,0.95
4.590,0.230076,-0.251029,0.940239,0.0,0.0,2.0,0.95
4.600,0.120837,-0.198389,0.972646,0.0,0.0,2.0,0.95
4.610,0.216832,-0.194973,0.956540,0.0,0.0,2.0,0.95
4.620,0.198021,-0.137536,0.970501,0.0,0.0,2.0,0.95
4.630,0.239868,-0.158854,0.957721,0.0,0.0,2.0,0.95
4.640,0.189304,-0.214851,0.958125,0.0,0.0,2.0,0.95
4.650,0.270534,-0.202738,0.941121,0.0,0.0,2.0,0.95
4.660,0.205988,-0.188743,0.960180,0.0,0.0,2.0,0.95
4.670,0.192417,-0.248461,0.949338,0.0,0.0,2.0,0.95
4.680,0.198897,-0.235381,0.951334,0.0,0.0,2.0,0.95
4.690,0.151476,-0.156776,0.975949,0.0,0.0,2.0,0.95
4.700,0.237402,-0.205462,0.949434,0.0,0.0,2.0,0.95
4.710,0.180202,-0.175638,0.967821,0.0,0.0,2.0,0.66
4.720,0.122385,-0.217243,0.968415,0.0,0.0,2.0,0.95
4.730,0.260522,-0.221942,0.939612,0.0,0.0,2.0,0.95
4.740,0.224583,-0.266255,0.937374,0.0,0.0,2.0,0.95
4.750,0.247079,-0.274412,0.929328,0.0,0.0,2.0,0.95
4.760,0.136361,-0.231381,0.963259,0.0,0.0,2.0,0.95
4.770,0.260061,-0.219575,0.940295,0.0,0.0,2.0,0.95
4.780,0.232492,-0.121746,0.964948,0.0,0.0,2.0,0.95
4.790,0.385941,-0.201892,0.900161,0.0,0.0,2.0,0.69
4.800,0.255758,-0.248945,0.934138,0.0,0.0,2.0,0.95
4.810,0.208112,-0.217319,0.953657,0.0,0.0,2.0,0.60
4.820,0.197891,-0.224398,0.954193,0.0,0.0,2.0,0.95
4.830,0.128122,-0.206461,0.970030,0.0,0.0,2.0,0.95
4.840,0.216904,-0.209707,0.953402,0.0,0.0,2.0,0.95
4.850,0.132536,-0.237206,0.962376,0.0,0.0,2.0,0.95
4.860,0.235355,-0.218287,0.947079,0.0,0.0,2.0,0.95
4.870,0.172758,-0.212977,0.961663,0.0,0.0,2.0,0.95
4.880,0.185720,-0.220079,0.957639,0.0,0.0,2.0,0.95
4.890,0.229887,-0.201766,0.952073,0.0,0.0,2.0,0.95
4.900,0.160556,-0.273449,0.948392,0.0,0.0,2.0,0.95
4.910,0.239436,-0.221383,0.945336,0.0,0.0,2.0,0.95
4.920,0.139222,-0.202967,0.969238,0.0,0.0,2.0,0.95
4.930,0.236556,-0.182706,0.954285,0.0,0.0,2.0,0.95
4.940,0.170726,-0.164719,0.971453,0.0,0.0,2.0,0.95
4.950,0.267058,-0.164585,0.949522,0.0,0.0,2.0,0.95
4.960,0.217354,-0.214179,0.952305,0.0,0.0,2.0,0.95
4.970,0.191357,-0.176373,0.965544,0.0,0.0,2.0,0.95
4.980,0.104290,-0.191114,0.976012,0.0,0.0,2.0,0.95
4.990,0.215493,-0.200567,0.955686,0.0,0.0,2.0,0.95
5.000,0.165598,-0.153030,0.974248,0.0,0.0,2.0,0.70
5.010,0.182926,-0.208905,0.960675,0.0,0.0,2.0,0.78
5.020,0.159600,-0.152964,0.975259,0.0,0.0,2.0,0.95
5.030,0.112318,-0.196859,0.973977,0.0,0.0,2.0,0.95
5.040,0.218226,-0.209448,0.953157,0.0,0.0,2.0,0.95
5.050,0.153590,-0.228299,0.961400,0.0,0.0,2.0,0.95
5.060,0.247046,-0.251531,0.935789,0.0,0.0,2.0,0.95
5.070,0.191235,-0.211254,0.958541,0.0,0.0,2.0,0.95
5.080,0.247984,-0.220715,0.943286,0.0,0.0,2.0,0.95
5.090,0.157791,-0.252908,0.954536,0.0,0.0,2.0,0.95
5.100,0.141671,-0.235247,0.961555,0.0,0.0,2.0,0.95
5.110,0.168644,-0.174882,0.970039,0.0,0.0,2.0,0.95
5.120,0.233718,-0.197236,0.952089,0.0,0.0,2.0,0.95
5.130,0.188386,-0.212097,0.958919,0.0,0.0,2.0,0.95
5.140,0.227380,-0.196899,0.953692,0.0,0.0,2.0,0.95
5.150,0.148072,-0.216130,0.965071,0.0,0.0,2.0,0.95
5.160,0.139905,-0.182147,0.973267,0.0,0.0,2.0,0.95
5.170,0.095371,-0.233974,0.967554,0.0,0.0,2.0,0.95
5.180,0.194811,-0.237554,0.951639,0.0,0.0,2.0,0.95
5.190,0.166520,-0.234163,0.957830,0.0,0.0,2.0,0.95
5.200,0.149046,-0.175646,0.973105,0.0,0.0,2.0,0.95
5.210,0.143729,-0.188717,0.971456,0.0,0.0,2.0,0.67
5.220,0.180139,-0.208823,0.961219,0.0,0.0,2.0,0.95
5.230,0.224502,-0.143141,0.963903,0.0,0.0,2.0,0.95
5.240,0.153665,-0.209609,0.965635,0.0,0.0,2.0,0.95
5.250,0.205945,-0.260523,0.943247,0.0,0.0,2.0,0.95
5.260,0.087961,-0.242864,0.966064,0.0,0.0,2.0,0.69
5.270,0.221108,-0.187945,0.956968,0.0,0.0,2.0,0.95
5.280,0.059764,-0.205501,0.976830,0.0,0.0,2.0,0.65
5.290,0.135970,-0.238855,0.961489,0.0,0.0,2.0,0.95
5.300,0.068654,-0.219413,0.973214,0.0,0.0,2.0,0.95
5.310,0.164727,-0.194784,0.966915,0.0,0.0,2.0,0.95
5.320,0.163245,-0.246571,0.955277,0.0,0.0,2.0,0.95
5.330,0.162442,-0.216863,0.962592,0.0,0.0,2.0,0.95
5.340,0.165200,-0.176293,0.970376,0.0,0.0,2.0,0.95
5.350,0.051816,-0.217829,0.974611,0.0,0.0,2.0,0.95
5.360,0.075372,-0.201962,0.976489,0.0,0.0,2.0,0.95
5.370,0.155190,-0.146663,0.976937,0.0,0.0,2.0,0.95
5.380,0.164402,-0.242204,0.956195,0.0,0.0,2.0,0.95
5.390,0.170857,-0.172206,0.970130,0.0,0.0,2.0,0.95
5.400,0.263224,-0.190040,0.945832,0.0,0.0,2.0,0.95
5.410,0.150769,-0.201622,0.967790,0.0,0.0,2.0,0.95
5.420,0.109908,-0.245323,0.963191,0.0,0.0,2.0,0.95
5.430,0.142773,-0.157970,0.977068,0.0,0.0,2.0,0.95
5.440,0.105984,-0.209805,0.971982,0.0,0.0,2.0,0.95
5.450,0.146164,-0.158692,0.976449,0.0,0.0,2.0,0.95
5.460,0.180068,-0.190799,0.964972,0.0,0.0,2.0,0.95
5.470,0.138091,-0.161580,0.977150,0.0,0.0,2.0,0.95
5.480,0.201814,-0.217528,0.954962,0.0,0.0,2.0,0.95
5.490,0.153225,-0.215599,0.964385,0.0,0.0,2.0,0.95
5.500,0.117329,-0.153938,0.981090,0.0,0.0,2.0,0.95
5.510,0.102207,-0.179408,0.978451,0.0,0.0,2.0,0.95
5.520,0.089565,-0.218889,0.971630,0.0,0.0,2.0,0.73
5.530,0.174856,-0.172751,0.969321,0.0,0.0,2.0,0.95
5.540,0.112156,-0.230406,0.966610,0.0,0.0,2.0,0.95
5.550,0.195997,-0.206668,0.958579,0.0,0.0,2.0,0.95
5.560,0.180353,-0.226701,0.957120,0.0,0.0,2.0,0.95
5.570,0.058116,-0.206528,0.976713,0.0,0.0,2.0,0.95
5.580,0.158367,-0.202759,0.966338,0.0,0.0,2.0,0.95
5.590,0.123225,-0.159433,0.979488,0.0,0.0,2.0,0.95
5.600,0.041767,-0.195674,0.979779,0.0,0.0,2.0,0.95
5.610,0.027604,-0.181830,0.982943,0.0,0.0,2.0,0.95
5.620,0.092982,-0.204507,0.974439,0.0,0.0,2.0,0.95
5.630,0.022710,-0.157285,0.987292,0.0,0.0,2.0,0.95
5.640,0.032026,-0.210917,0.976979,0.0,0.0,2.0,0.95
5.650,0.112770,-0.240224,0.964145,0.0,0.0,2.0,0.74
5.660,0.048279,-0.192785,0.980053,0.0,0.0,2.0,0.95
5.670,0.112597,-0.210211,0.971150,0.0,0.0,2.0,0.95
5.680,0.098205,-0.209782,0.972804,0.0,0.0,2.0,0.95
5.690,0.091331,-0.230978,0.968663,0.0,0.0,2.0,0.95
5.700,-0.001935,-0.210006,0.977698,0.0,0.0,2.0,0.95
5.710,0.215446,-0.185589,0.958718,0.0,0.0,2.0,0.95
5.720,0.084234,-0.161644,0.983248,0.0,0.0,2.0,0.95
5.730,0.152792,-0.190187,0.969785,0.0,0.0,2.0,0.95
5.740,0.081243,-0.193696,0.977692,0.0,0.0,2.0,0.95
5.750,0.088237,-0.156004,0.983807,0.0,0.0,2.0,0.95
5.760,0.085783,-0.214947,0.972851,0.0,0.0,2.0,0.76
5.770,0.079041,-0.195150,0.977583,0.0,0.0,2.0,0.95
5.780,0.118386,-0.141327,0.982859,0.0,0.0,2.0,0.95
5.790,0.031648,-0.180101,0.983139,0.0,0.0,2.0,0.95
5.800,0.076228,-0.176535,0.981338,0.0,0.0,2.0,0.95
5.810,0.050874,-0.190607,0.980347,0.0,0.0,2.0,0.95
5.820,0.072917,-0.122053,0.989842,0.0,0.0,2.0,0.95
5.830,0.081876,-0.168168,0.982352,0.0,0.0,2.0,0.95
5.840,0.064990,-0.194122,0.978822,0.0,0.0,2.0,0.71
5.850,0.141610,-0.168931,0.975402,0.0,0.0,2.0,0.95
5.860,0.084387,-0.186473,0.978829,0.0,0.0,2.0,0.95
5.870,0.133581,-0.137562,0.981444,0.0,0.0,2.0,0.95
5.880,0.017193,-0.140228,0.989970,0.0,0.0,2.0,0.62
5.890,0.121135,-0.115914,0.985845,0.0,0.0,2.0,0.95
5.900,0.128323,-0.124708,0.983860,0.0,0.0,2.0,0.68
5.910,0.139069,-0.139828,0.980361,0.0,0.0,2.0,0.95
5.920,0.057270,-0.154188,0.986380,0.0,0.0,2.0,0.95
5.930,0.009234,-0.193948,0.980968,0.0,0.0,2.0,0.95
5.940,-0.016868,-0.095336,0.995302,0.0,0.0,2.0,0.95
5.950,0.153519,-0.138239,0.978428,0.0,0.0,2.0,0.95
5.960,0.080336,-0.153256,0.984916,0.0,0.0,2.0,0.95
5.970,0.025684,-0.160587,0.986687,0.0,0.0,2.0,0.95
5.980,0.009580,-0.161983,0.986747,0.0,0.0,2.0,0.95
5.990,0.130501,-0.162710,0.978006,0.0,0.0,2.0,0.95
6.000,0.023325,-0.182342,0.982959,0.0,0.0,2.0,0.95
6.010,-0.030056,-0.123157,0.991932,0.0,0.0,2.0,0.66
6.020,0.087848,-0.167365,0.981973,0.0,0.0,2.0,0.70
6.030,0.083643,-0.153561,0.984593,0.0,0.0,2.0,0.95
6.040,0.032852,-0.115150,0.992805,0.0,0.0,2.0,0.95
6.050,-0.007506,-0.147288,0.989065,0.0,0.0,2.0,0.95
6.060,-0.000903,-0.140944,0.990017,0.0,0.0,2.0,0.95
6.070,0.010862,-0.119256,0.992804,0.0,0.0,2.0,0.95
6.080,0.072274,-0.178295,0.981319,0.0,0.0,2.0,0.95
6.090,-0.008875,-0.126056,0.991983,0.0,0.0,2.0,0.62
6.100,0.122679,-0.069901,0.989982,0.0,0.0,2.0,0.95
6.110,0.021664,-0.141152,0.989751,0.0,0.0,2.0,0.95
6.120,-0.003779,-0.206250,0.978492,0.0,0.0,2.0,0.95
6.130,0.027756,-0.167033,0.985561,0.0,0.0,2.0,0.95
6.140,-0.029851,-0.117054,0.992677,0.0,0.0,2.0,0.95
6.150,-0.082674,-0.173778,0.981308,0.0,0.0,2.0,0.95
6.160,0.119697,-0.180035,0.976350,0.0,0.0,2.0,0.73
6.170,0.006987,-0.131192,0.991332,0.0,0.0,2.0,0.95
6.180,0.038215,-0.132103,0.990499,0.0,0.0,2.0,0.95
6.190,-0.013524,-0.141518,0.989843,0.0,0.0,2.0,0.95
6.200,-0.002679,-0.091888,0.995766,0.0,0.0,2.0,0.95
6.210,-0.029277,-0.167562,0.985427,0.0,0.0,2.0,0.95
6.220,0.000668,-0.165091,0.986278,0.0,0.0,2.0,0.95
6.230,-0.000315,-0.100855,0.994901,0.0,0.0,2.0,0.95
6.240,-0.000163,-0.173478,0.984838,0.0,0.0,2.0,0.95
6.250,0.064761,-0.114173,0.991348,0.0,0.0,2.0,0.95
6.260,-0.005176,-0.115241,0.993324,0.0,0.0,2.0,0.95
6.270,-0.049583,-0.136123,0.989450,0.0,0.0,2.0,0.95
6.280,0.048266,-0.132168,0.990052,0.0,0.0,2.0,0.95
6.290,0.129720,-0.120975,0.984143,0.0,0.0,2.0,0.95
6.300,0.024713,-0.113573,0.993222,0.0,0.0,2.0,0.95
6.310,-0.033302,-0.132059,0.990682,0.0,0.0,2.0,0.63
6.320,-0.020362,-0.116174,0.993020,0.0,0.0,2.0,0.95
6.330,0.014916,-0.098628,0.995013,0.0,0.0,2.0,0.95
6.340,0.027805,-0.108196,0.993741,0.0,0.0,2.0,0.95
6.350,-0.096938,-0.101908,0.990059,0.0,0.0,2.0,0.95
6.360,-0.024071,-0.110195,0.993618,0.0,0.0,2.0,0.95
6.370,-0.061020,-0.116610,0.991301,0.0,0.0,2.0,0.95
6.380,-0.010197,-0.137302,0.990477,0.0,0.0,2.0,0.95
6.390,0.052592,-0.096669,0.993926,0.0,0.0,2.0,0.95
6.400,-0.095311,-0.151142,0.983906,0.0,0.0,2.0,0.95
6.410,0.003235,-0.114470,0.993421,0.0,0.0,2.0,0.95
6.420,0.118840,-0.121923,0.985399,0.0,0.0,2.0,0.95
6.430,-0.043261,-0.125764,0.991117,0.0,0.0,2.0,0.95
6.440,-0.072903,-0.130800,0.988725,0.0,0.0,2.0,0.95
6.450,0.044857,-0.112878,0.992596,0.0,0.0,2.0,0.95
6.460,-0.050366,-0.049282,0.997514,0.0,0.0,2.0,0.95
6.470,-0.034754,-0.101404,0.994238,0.0,0.0,2.0,0.95
6.480,0.003308,-0.139910,0.990159,0.0,0.0,2.0,0.95
6.490,0.046430,-0.144784,0.988373,0.0,0.0,2.0,0.73
6.500,-0.058066,-0.093658,0.993910,0.0,0.0,2.0,0.95
6.510,-0.088349,-0.137142,0.986603,0.0,0.0,2.0,0.95
6.520,0.000188,-0.108505,0.994096,0.0,0.0,2.0,0.95
6.530,0.026486,-0.088612,0.995714,0.0,0.0,2.0,0.95
6.540,0.012484,-0.094834,0.995415,0.0,0.0,2.0,0.95
6.550,-0.015586,-0.101024,0.994762,0.0,0.0,2.0,0.95
6.560,-0.066688,-0.079405,0.994609,0.0,0.0,2.0,0.95
6.570,-0.118353,-0.091780,0.988721,0.0,0.0,2.0,0.95
6.580,-0.066155,-0.036080,0.997157,0.0,0.0,2.0,0.95
6.590,0.002614,-0.089280,0.996003,0.0,0.0,2.0,0.67
6.600,0.010376,-0.123928,0.992237,0.0,0.0,2.0,0.95
6.610,-0.020883,-0.098505,0.994917,0.0,0.0,2.0,0.95
6.620,-0.042304,-0.067279,0.996837,0.0,0.0,2.0,0.95
6.630,-0.109488,-0.059110,0.992229,0.0,0.0,2.0,0.95
6.640,-0.074310,-0.101027,0.992105,0.0,0.0,2.0,0.95
6.650,0.023045,-0.104365,0.994272,0.0,0.0,2.0,0.95
6.660,-0.126725,-0.059213,0.990169,0.0,0.0,2.0,0.75
6.670,-0.054487,-0.086191,0.994788,0.0,0.0,2.0,0.95
6.680,-0.101901,-0.130270,0.986228,0.0,0.0,2.0,0.95
6.690,0.015500,-0.079825,0.996688,0.0,0.0,2.0,0.78
6.700,-0.061041,-0.091944,0.993891,0.0,0.0,2.0,0.95
6.710,-0.053263,-0.026305,0.998234,0.0,0.0,2.0,0.95
6.720,-0.085203,-0.066692,0.994129,0.0,0.0,2.0,0.95
6.730,0.083392,-0.070839,0.993996,0.0,0.0,2.0,0.95
6.740,-0.112915,-0.057945,0.991914,0.0,0.0,2.0,0.95
6.750,-0.079662,-0.057216,0.995179,0.0,0.0,2.0,0.70
6.760,-0.043480,-0.129689,0.990601,0.0,0.0,2.0,0.95
6.770,-0.010541,-0.063631,0.997918,0.0,0.0,2.0,0.66
6.780,-0.099007,-0.105962,0.989429,0.0,0.0,2.0,0.95
6.790,-0.099966,0.006118,0.994972,0.0,0.0,2.0,0.95
6.800,-0.032779,-0.092626,0.995161,0.0,0.0,2.0,0.95
6.810,-0.032917,-0.122443,0.991929,0.0,0.0,2.0,0.95
6.820,-0.037938,-0.036362,0.998618,0.0,0.0,2.0,0.95
6.830,-0.138635,-0.025586,0.990013,0.0,0.0,2.0,0.95
6.840,-0.059785,-0.023918,0.997925,0.0,0.0,2.0,0.95
6.850,-0.084006,-0.021852,0.996226,0.0,0.0,2.0,0.95
6.860,-0.109254,0.006872,0.993990,0.0,0.0,2.0,0.67
6.870,-0.041833,-0.039938,0.998326,0.0,0.0,2.0,0.95
6.880,-0.033471,-0.093774,0.995031,0.0,0.0,2.0,0.95
6.890,0.011525,-0.082084,0.996559,0.0,0.0,2.0,0.95
6.900,-0.109258,-0.089555,0.989971,0.0,0.0,2.0,0.95
6.910,-0.062488,-0.071056,0.995513,0.0,0.0,2.0,0.95
6.920,-0.112963,-0.032534,0.993066,0.0,0.0,2.0,0.95
6.930,-0.123375,-0.047597,0.991218,0.0,0.0,2.0,0.95
6.940,-0.128531,-0.084127,0.988131,0.0,0.0,2.0,0.95
6.950,-0.055731,-0.036311,0.997785,0.0,0.0,2.0,0.95
6.960,-0.129700,-0.016572,0.991415,0.0,0.0,2.0,0.95
6.970,-0.134793,0.002545,0.990871,0.0,0.0,2.0,0.65
6.980,-0.144124,-0.039095,0.988787,0.0,0.0,2.0,0.95
6.990,-0.148359,-0.069190,0.986510,0.0,0.0,2.0,0.95
7.000,-0.075406,-0.080134,0.993928,0.0,0.0,2.0,0.95
7.010,-0.096287,0.002093,0.995351,0.0,0.0,2.0,0.95
7.020,-0.047820,-0.068129,0.996530,0.0,0.0,2.0,0.95
7.030,-0.161918,0.066148,0.984585,0.0,0.0,2.0,0.95
7.040,-0.135633,-0.054708,0.989247,0.0,0.0,2.0,0.63
7.050,-0.123079,0.005268,0.992383,0.0,0.0,2.0,0.95
7.060,-0.137175,0.027699,0.990159,0.0,0.0,2.0,0.95
7.070,-0.139798,-0.038295,0.989439,0.0,0.0,2.0,0.95
7.080,-0.125899,-0.022051,0.991798,0.0,0.0,2.0,0.95
7.090,-0.082261,-0.054808,0.995103,0.0,0.0,2.0,0.95
7.100,-0.128794,-0.007340,0.991644,0.0,0.0,2.0,0.95
7.110,-0.159906,-0.030492,0.986661,0.0,0.0,2.0,0.95
7.120,-0.238037,0.006996,0.971231,0.0,0.0,2.0,0.95
7.130,-0.150576,-0.043942,0.987621,0.0,0.0,2.0,0.95
7.140,-0.186081,-0.005199,0.982521,0.0,0.0,2.0,0.95
7.150,-0.207574,-0.020262,0.978009,0.0,0.0,2.0,0.95
7.160,-0.141302,-0.090619,0.985810,0.0,0.0,2.0,0.95
7.170,-0.157284,0.011835,0.987483,0.0,0.0,2.0,0.95
7.180,-0.174971,0.036354,0.983902,0.0,0.0,2.0,0.95
7.190,-0.076993,-0.014553,0.996925,0.0,0.0,2.0,0.95
7.200,-0.071081,-0.000557,0.997470,0.0,0.0,2.0,0.95
7.210,-0.188927,-0.036725,0.981304,0.0,0.0,2.0,0.95
7.220,-0.153374,0.013983,0.988069,0.0,0.0,2.0,0.95
7.230,-0.142917,0.005851,0.989717,0.0,0.0,2.0,0.95
7.240,-0.176101,-0.002906,0.984368,0.0,0.0,2.0,0.95
7.250,-0.247607,0.039288,0.968064,0.0,0.0,2.0,0.95
7.260,-0.010150,-0.013664,0.999855,0.0,0.0,2.0,0.95
7.270,-0.132707,0.032004,0.990638,0.0,0.0,2.0,0.95
7.280,-0.105319,0.040980,0.993594,0.0,0.0,2.0,0.95
7.290,-0.128373,-0.036796,0.991043,0.0,0.0,2.0,0.95
7.300,-0.133839,0.038694,0.990247,0.0,0.0,2.0,0.95
7.310,-0.172705,0.046047,0.983897,0.0,0.0,2.0,0.78
7.320,-0.095822,-0.054258,0.993919,0.0,0.0,2.0,0.95
7.330,-0.152950,0.002559,0.988231,0.0,0.0,2.0,0.95
7.340,-0.213178,0.030595,0.976534,0.0,0.0,2.0,0.95
7.350,-0.262877,0.029838,0.964368,0.0,0.0,2.0,0.95
7.360,-0.102209,0.027342,0.994387,0.0,0.0,2.0,0.95
7.370,-0.058864,-0.028441,0.997861,0.0,0.0,2.0,0.95
7.380,-0.105103,0.086565,0.990687,0.0,0.0,2.0,0.78
7.390,-0.106057,0.002356,0.994357,0.0,0.0,2.0,0.95
7.400,-0.173159,0.037547,0.984178,0.0,0.0,2.0,0.95
7.410,-0.188524,0.023638,0.981784,0.0,0.0,2.0,0.95
7.420,-0.125531,-0.005194,0.992076,0.0,0.0,2.0,0.95
7.430,-0.282036,-0.033450,0.958821,0.0,0.0,2.0,0.95
7.440,-0.256516,0.028261,0.966127,0.0,0.0,2.0,0.95
7.450,-0.194114,-0.018405,0.980806,0.0,0.0,2.0,0.95
7.460,-0.148335,0.021944,0.988694,0.0,0.0,2.0,0.95
7.470,-0.103703,0.030771,0.994132,0.0,0.0,2.0,0.95
7.480,-0.192056,0.016052,0.981253,0.0,0.0,2.0,0.95
7.490,-0.187214,0.030249,0.981853,0.0,0.0,2.0,0.95
7.500,-0.097980,0.029688,0.994745,0.0,0.0,2.0,0.95
7.510,-0.169282,0.022793,0.985304,0.0,0.0,2.0,0.95
7.520,-0.170915,-0.001167,0.985285,0.0,0.0,2.0,0.79
7.530,-0.184042,0.073651,0.980155,0.0,0.0,2.0,0.95
7.540,-0.299431,0.060178,0.952218,0.0,0.0,2.0,0.95
7.550,-0.198237,0.032749,0.979607,0.0,0.0,2.0,0.73
7.560,-0.129214,0.076554,0.988657,0.0,0.0,2.0,0.95
7.570,-0.229894,0.042141,0.972303,0.0,0.0,2.0,0.95
7.580,-0.288752,0.044009,0.956392,0.0,0.0,2.0,0.95
7.590,-0.254125,0.037218,0.966455,0.0,0.0,2.0,0.95
7.600,-0.225533,-0.008877,0.974195,0.0,0.0,2.0,0.95
7.610,-0.190436,0.026547,0.981341,0.0,0.0,2.0,0.95
7.620,-0.197979,0.107474,0.974297,0.0,0.0,2.0,0.95
7.630,-0.191552,0.070807,0.978925,0.0,0.0,2.0,0.95
7.640,-0.277193,0.080817,0.957409,0.0,0.0,2.0,0.95
7.650,-0.211549,0.035863,0.976709,0.0,0.0,2.0,0.95
7.660,-0.153337,0.015555,0.988052,0.0,0.0,2.0,0.69
7.670,-0.224688,0.042850,0.973488,0.0,0.0,2.0,0.95
7.680,-0.250990,0.112324,0.961451,0.0,0.0,2.0,0.65
7.690,-0.252255,0.078882,0.964440,0.0,0.0,2.0,0.95
7.700,-0.169312,0.106701,0.979770,0.0,0.0,2.0,0.95
7.710,-0.310184,0.095899,0.945827,0.0,0.0,2.0,0.95
7.720,-0.182479,0.033414,0.982642,0.0,0.0,2.0,0.62
7.730,-0.184338,0.066238,0.980628,0.0,0.0,2.0,0.95
7.740,-0.236068,0.073481,0.968954,0.0,0.0,2.0,0.95
7.750,-0.203620,0.054802,0.977515,0.0,0.0,2.0,0.95
7.760,-0.196116,0.080781,0.977248,0.0,0.0,2.0,0.80
7.770,-0.256364,0.074400,0.963713,0.0,0.0,2.0,0.72
7.780,-0.203902,0.073714,0.976212,0.0,0.0,2.0,0.95
7.790,-0.122902,0.028538,0.992008,0.0,0.0,2.0,0.95
7.800,-0.279108,0.099881,0.955051,0.0,0.0,2.0,0.95
7.810,-0.218026,0.116965,0.968909,0.0,0.0,2.0,0.95
7.820,-0.143190,0.147660,0.978618,0.0,0.0,2.0,0.95
7.830,-0.285877,0.074895,0.955335,0.0,0.0,2.0,0.95
7.840,-0.296727,0.090424,0.950672,0.0,0.0,2.0,0.95
7.850,-0.191750,0.124742,0.973484,0.0,0.0,2.0,0.95
7.860,-0.246328,0.110337,0.962885,0.0,0.0,2.0,0.95
7.870,-0.280680,0.082303,0.956266,0.0,0.0,2.0,0.95
7.880,-0.183722,0.080941,0.979640,0.0,0.0,2.0,0.68
7.890,-0.113748,0.117876,0.986492,0.0,0.0,2.0,0.95
7.900,-0.327057,0.115557,0.937913,0.0,0.0,2.0,0.95
7.910,-0.290868,0.018553,0.956583,0.0,0.0,2.0,0.95
7.920,-0.325267,0.103332,0.939960,0.0,0.0,2.0,0.95
7.930,-0.219157,0.031445,0.975183,0.0,0.0,2.0,0.95
7.940,-0.208080,0.130073,0.969424,0.0,0.0,2.0,0.95
7.950,-0.233620,0.140407,0.962137,0.0,0.0,2.0,0.95
7.960,-0.172936,0.103223,0.979509,0.0,0.0,2.0,0.95
7.970,-0.185290,0.136343,0.973180,0.0,0.0,2.0,0.95
7.980,-0.217932,0.039426,0.975167,0.0,0.0,2.0,0.95
7.990,-0.227359,0.115265,0.966965,0.0,0.0,2.0,0.95
8.000,-0.178289,0.158687,0.971098,0.0,0.0,2.0,0.95
8.010,-0.166979,0.097458,0.981132,0.0,0.0,2.0,0.95
8.020,-0.198000,0.128048,0.971802,0.0,0.0,2.0,0.95
8.030,-0.145169,0.090322,0.985276,0.0,0.0,2.0,0.95
8.040,-0.261732,0.079088,0.961895,0.0,0.0,2.0,0.95
8.050,-0.167859,0.146378,0.974883,0.0,0.0,2.0,0.95
8.060,-0.314018,0.148060,0.937801,0.0,0.0,2.0,0.95
8.070,-0.192385,0.046485,0.980218,0.0,0.0,2.0,0.75
8.080,-0.194586,0.144536,0.970178,0.0,0.0,2.0,0.95
8.090,-0.175085,0.056981,0.982903,0.0,0.0,2.0,0.64
8.100,-0.280830,0.061033,0.957815,0.0,0.0,2.0,0.95
8.110,-0.277289,0.121532,0.953069,0.0,0.0,2.0,0.95
8.120,-0.212002,0.167258,0.962850,0.0,0.0,2.0,0.95
8.130,-0.214549,0.134127,0.967460,0.0,0.0,2.0,0.95
8.140,-0.232453,0.118015,0.965421,0.0,0.0,2.0,0.95
8.150,-0.249152,0.086517,0.964592,0.0,0.0,2.0,0.95
8.160,-0.309091,0.119698,0.943470,0.0,0.0,2.0,0.95
8.170,-0.173204,0.162001,0.971471,0.0,0.0,2.0,0.95
8.180,-0.318861,0.136306,0.937949,0.0,0.0,2.0,0.95
8.190,-0.208467,0.100146,0.972889,0.0,0.0,2.0,0.95
8.200,-0.256811,0.147071,0.955206,0.0,0.0,2.0,0.95
8.210,-0.282457,0.176082,0.942981,0.0,0.0,2.0,0.72
8.220,-0.258691,0.167601,0.951309,0.0,0.0,2.0,0.95
8.230,-0.257410,0.133033,0.957101,0.0,0.0,2.0,0.95
8.240,-0.254493,0.159217,0.953878,0.0,0.0,2.0,0.95
8.250,-0.334483,0.065655,0.940112,0.0,0.0,2.0,0.80
8.260,-0.249722,0.123212,0.960447,0.0,0.0,2.0,0.95
8.270,-0.352211,0.108356,0.929627,0.0,0.0,2.0,0.95
8.280,-0.273266,0.110735,0.955544,0.0,0.0,2.0,0.95
8.290,-0.365912,0.102909,0.924942,0.0,0.0,2.0,0.95
8.300,-0.246985,0.177578,0.952609,0.0,0.0,2.0,0.95
8.310,-0.237080,0.109441,0.965306,0.0,0.0,2.0,0.73
8.320,-0.367236,0.134267,0.920386,0.0,0.0,2.0,0.95
8.330,-0.268092,0.102801,0.957893,0.0,0.0,2.0,0.95
8.340,-0.297418,0.136418,0.944951,0.0,0.0,2.0,0.95
8.350,-0.290091,0.139520,0.946774,0.0,0.0,2.0,0.95
8.360,-0.260215,0.171864,0.950132,0.0,0.0,2.0,0.95
8.370,-0.231967,0.202619,0.951387,0.0,0.0,2.0,0.95
8.380,-0.304181,0.186664,0.934147,0.0,0.0,2.0,0.95
8.390,-0.310506,0.126593,0.942104,0.0,0.0,2.0,0.95
8.400,-0.309476,0.130256,0.941944,0.0,0.0,2.0,0.95
8.410,-0.291955,0.184930,0.938383,0.0,0.0,2.0,0.63
8.420,-0.261733,0.123859,0.957160,0.0,0.0,2.0,0.95
8.430,-0.316980,0.090075,0.944145,0.0,0.0,2.0,0.95
8.440,-0.258464,0.121367,0.958367,0.0,0.0,2.0,0.95
8.450,-0.266336,0.158735,0.950720,0.0,0.0,2.0,0.95
8.460,-0.372910,0.174294,0.911350,0.0,0.0,2.0,0.95
8.470,-0.324208,0.108561,0.939736,0.0,0.0,2.0,0.95
8.480,-0.260595,0.149104,0.953865,0.0,0.0,2.0,0.95
8.490,-0.330723,0.149851,0.931755,0.0,0.0,2.0,0.95
8.500,-0.322176,0.153191,0.934203,0.0,0.0,2.0,0.95
8.510,-0.278034,0.215654,0.936051,0.0,0.0,2.0,0.95
8.520,-0.308479,0.188658,0.932335,0.0,0.0,2.0,0.95
8.530,-0.189233,0.089445,0.977850,0.0,0.0,2.0,0.61
8.540,-0.329956,0.123170,0.935926,0.0,0.0,2.0,0.95
8.550,-0.339330,0.158895,0.927150,0.0,0.0,2.0,0.95
8.560,-0.316616,0.194597,0.928378,0.0,0.0,2.0,0.95
8.570,-0.298016,0.162652,0.940601,0.0,0.0,2.0,0.95
8.580,-0.313228,0.211042,0.925932,0.0,0.0,2.0,0.95
8.590,-0.331459,0.128863,0.934628,0.0,0.0,2.0,0.95
8.600,-0.220418,0.189190,0.956882,0.0,0.0,2.0,0.95
8.610,-0.275132,0.193378,0.941758,0.0,0.0,2.0,0.95
8.620,-0.315380,0.123986,0.940831,0.0,0.0,2.0,0.74
8.630,-0.285999,0.142634,0.947555,0.0,0.0,2.0,0.95
8.640,-0.307834,0.110370,0.945017,0.0,0.0,2.0,0.71
8.650,-0.202556,0.175042,0.963500,0.0,0.0,2.0,0.95
8.660,-0.285861,0.143894,0.947406,0.0,0.0,2.0,0.95
8.670,-0.308493,0.122250,0.943338,0.0,0.0,2.0,0.95
8.680,-0.252543,0.150272,0.955845,0.0,0.0,2.0,0.95
8.690,-0.291342,0.201640,0.935126,0.0,0.0,2.0,0.95
8.700,-0.236722,0.164800,0.957499,0.0,0.0,2.0,0.95
8.710,-0.359736,0.147516,0.921319,0.0,0.0,2.0,0.95
8.720,-0.292950,0.171587,0.940605,0.0,0.0,2.0,0.70
8.730,-0.360671,0.130297,0.923547,0.0,0.0,2.0,0.95
8.740,-0.363001,0.164231,0.917201,0.0,0.0,2.0,0.69
8.750,-0.242234,0.175147,0.954278,0.0,0.0,2.0,0.95
8.760,-0.348912,0.119886,0.929456,0.0,0.0,2.0,0.95
8.770,-0.285376,0.181995,0.940977,0.0,0.0,2.0,0.95
8.780,-0.291601,0.129086,0.947790,0.0,0.0,2.0,0.95
8.790,-0.245228,0.185319,0.951588,0.0,0.0,2.0,0.95
8.800,-0.320218,0.240736,0.916246,0.0,0.0,2.0,0.73
8.810,-0.377260,0.102210,0.920450,0.0,0.0,2.0,0.69
8.820,-0.306467,0.176867,0.935305,0.0,0.0,2.0,0.95
8.830,-0.324873,0.175095,0.929408,0.0,0.0,2.0,0.95
8.840,-0.307340,0.243261,0.919982,0.0,0.0,2.0,0.95
8.850,-0.321869,0.152894,0.934358,0.0,0.0,2.0,0.95
8.860,-0.220371,0.218202,0.950697,0.0,0.0,2.0,0.95
8.870,-0.277692,0.134239,0.951245,0.0,0.0,2.0,0.95
8.880,-0.345159,0.208934,0.914993,0.0,0.0,2.0,0.95
8.890,-0.327506,0.216287,0.919761,0.0,0.0,2.0,0.95
8.900,-0.360658,0.174456,0.916237,0.0,0.0,2.0,0.95
8.910,-0.315494,0.158275,0.935635,0.0,0.0,2.0,0.95
8.920,-0.353141,0.156384,0.922407,0.0,0.0,2.0,0.95
8.930,-0.310548,0.205243,0.928135,0.0,0.0,2.0,0.95
8.940,-0.290886,0.235996,0.927195,0.0,0.0,2.0,0.95
8.950,-0.312073,0.208117,0.926983,0.0,0.0,2.0,0.95
8.960,-0.251486,0.199911,0.946990,0.0,0.0,2.0,0.95
8.970,-0.328769,0.191253,0.924842,0.0,0.0,2.0,0.95
8.980,-0.288257,0.175003,0.941426,0.0,0.0,2.0,0.95
8.990,-0.266395,0.162527,0.950063,0.0,0.0,2.0,0.95
9.000,-0.341225,0.227185,0.912114,0.0,0.0,2.0,0.95
9.010,-0.315911,0.202440,0.926940,0.0,0.0,2.0,0.95
9.020,-0.294983,0.134354,0.946010,0.0,0.0,2.0,0.95
9.030,-0.260948,0.194013,0.945656,0.0,0.0,2.0,0.78
9.040,-0.306389,0.207349,0.929049,0.0,0.0,2.0,0.95
9.050,-0.311505,0.157837,0.937044,0.0,0.0,2.0,0.95
9.060,-0.251441,0.207109,0.945454,0.0,0.0,2.0,0.95
9.070,-0.355400,0.188736,0.915461,0.0,0.0,2.0,0.95
9.080,-0.257820,0.225335,0.939549,0.0,0.0,2.0,0.95
9.090,-0.346160,0.201905,0.916192,0.0,0.0,2.0,0.95
9.100,-0.188723,0.164570,0.968143,0.0,0.0,2.0,0.77
9.110,-0.353702,0.225599,0.907744,0.0,0.0,2.0,0.95
9.120,-0.310462,0.156334,0.937642,0.0,0.0,2.0,0.74
9.130,-0.266870,0.235156,0.934603,0.0,0.0,2.0,0.95
9.140,-0.366582,0.155472,0.917304,0.0,0.0,2.0,0.95
9.150,-0.346500,0.212843,0.913584,0.0,0.0,2.0,0.95
9.160,-0.310760,0.164246,0.936190,0.0,0.0,2.0,0.80
9.170,-0.325415,0.234436,0.916048,0.0,0.0,2.0,0.95
9.180,-0.296224,0.260465,0.918917,0.0,0.0,2.0,0.95
9.190,-0.278217,0.183323,0.942862,0.0,0.0,2.0,0.95
9.200,-0.258332,0.177564,0.949598,0.0,0.0,2.0,0.95
9.210,-0.319753,0.162501,0.933462,0.0,0.0,2.0,0.95
9.220,-0.358366,0.177916,0.916471,0.0,0.0,2.0,0.72
9.230,-0.374914,0.189310,0.907525,0.0,0.0,2.0,0.95
9.240,-0.269014,0.228700,0.935590,0.0,0.0,2.0,0.95
9.250,-0.269528,0.178677,0.946271,0.0,0.0,2.0,0.95
9.260,-0.320000,0.187655,0.928647,0.0,0.0,2.0,0.95
9.270,-0.187518,0.189434,0.963821,0.0,0.0,2.0,0.95
9.280,-0.297365,0.162196,0.940886,0.0,0.0,2.0,0.95
9.290,-0.332114,0.160316,0.929516,0.0,0.0,2.0,0.95
9.300,-0.245922,0.189717,0.950542,0.0,0.0,2.0,0.60
9.310,-0.312956,0.274251,0.909310,0.0,0.0,2.0,0.95
9.320,-0.294297,0.211512,0.932015,0.0,0.0,2.0,0.95
9.330,-0.301786,0.239724,0.922745,0.0,0.0,2.0,0.95
9.340,-0.319698,0.216095,0.922549,0.0,0.0,2.0,0.95
9.350,-0.296023,0.194427,0.935184,0.0,0.0,2.0,0.95
9.360,-0.147996,0.244420,0.958309,0.0,0.0,2.0,0.95
9.370,-0.320815,0.239581,0.916340,0.0,0.0,2.0,0.95
9.380,-0.305495,0.210353,0.928668,0.0,0.0,2.0,0.95
9.390,-0.293370,0.187121,0.937507,0.0,0.0,2.0,0.95
9.400,-0.281886,0.133271,0.950147,0.0,0.0,2.0,0.95
9.410,-0.383515,0.197932,0.902075,0.0,0.0,2.0,0.95
9.420,-0.259226,0.202068,0.944442,0.0,0.0,2.0,0.95
9.430,-0.249801,0.149160,0.956740,0.0,0.0,2.0,0.95
9.440,-0.349581,0.231284,0.907910,0.0,0.0,2.0,0.95
9.450,-0.315872,0.216405,0.923793,0.0,0.0,2.0,0.95
9.460,-0.245359,0.254924,0.935314,0.0,0.0,2.0,0.95
9.470,-0.345240,0.161102,0.924584,0.0,0.0,2.0,0.71
9.480,-0.286493,0.184242,0.940200,0.0,0.0,2.0,0.95
9.490,-0.224365,0.250362,0.941796,0.0,0.0,2.0,0.95
9.500,-0.297519,0.231608,0.926197,0.0,0.0,2.0,0.95
9.510,-0.324216,0.263201,0.908631,0.0,0.0,2.0,0.95
9.520,-0.322478,0.189974,0.927318,0.0,0.0,2.0,0.95
9.530,-0.270497,0.186958,0.944393,0.0,0.0,2.0,0.95
9.540,-0.319115,0.162939,0.933604,0.0,0.0,2.0,0.95
9.550,-0.245783,0.234673,0.940489,0.0,0.0,2.0,0.95
9.560,-0.298095,0.233868,0.925443,0.0,0.0,2.0,0.95
9.570,-0.246863,0.184794,0.951267,0.0,0.0,2.0,0.95
9.580,-0.388690,0.178156,0.903980,0.0,0.0,2.0,0.95
9.590,-0.288033,0.253772,0.923383,0.0,0.0,2.0,0.95
9.600,-0.269790,0.237991,0.933045,0.0,0.0,2.0,0.95
9.610,-0.272104,0.135249,0.952716,0.0,0.0,2.0,0.95
9.620,-0.257537,0.201115,0.945107,0.0,0.0,2.0,0.63
9.630,-0.280011,0.222289,0.933907,0.0,0.0,2.0,0.95
9.640,-0.335969,0.202256,0.919901,0.0,0.0,2.0,0.95
9.650,-0.382047,0.213233,0.899206,0.0,0.0,2.0,0.68
9.660,-0.321143,0.242154,0.915548,0.0,0.0,2.0,0.95
9.670,-0.334879,0.207904,0.919039,0.0,0.0,2.0,0.95
9.680,-0.267210,0.219328,0.938346,0.0,0.0,2.0,0.95
9.690,-0.258000,0.212100,0.942576,0.0,0.0,2.0,0.95
9.700,-0.326926,0.214080,0.920483,0.0,0.0,2.0,0.95
9.710,-0.380053,0.219093,0.898642,0.0,0.0,2.0,0.95
9.720,-0.301043,0.217512,0.928473,0.0,0.0,2.0,0.95
9.730,-0.299533,0.252209,0.920147,0.0,0.0,2.0,0.95
9.740,-0.287186,0.210371,0.934488,0.0,0.0,2.0,0.95
9.750,-0.335255,0.210991,0.918198,0.0,0.0,2.0,0.95
9.760,-0.267208,0.216421,0.939022,0.0,0.0,2.0,0.64
9.770,-0.239010,0.233927,0.942418,0.0,0.0,2.0,0.95
9.780,-0.308080,0.200433,0.930007,0.0,0.0,2.0,0.95
9.790,-0.230027,0.234501,0.944509,0.0,0.0,2.0,0.95
9.800,-0.302668,0.151774,0.940934,0.0,0.0,2.0,0.95
9.810,-0.306867,0.243233,0.920147,0.0,0.0,2.0,0.95
9.820,-0.231823,0.161069,0.959330,0.0,0.0,2.0,0.95
9.830,-0.332868,0.217453,0.917558,0.0,0.0,2.0,0.95
9.840,-0.279477,0.219731,0.934672,0.0,0.0,2.0,0.95
9.850,-0.320372,0.188952,0.928256,0.0,0.0,2.0,0.95
9.860,-0.292572,0.181694,0.938823,0.0,0.0,2.0,0.74
9.870,-0.226253,0.171398,0.958870,0.0,0.0,2.0,0.95
9.880,-0.310940,0.187824,0.931686,0.0,0.0,2.0,0.95
9.890,-0.154808,0.228107,0.961250,0.0,0.0,2.0,0.95
9.900,-0.342919,0.192995,0.919326,0.0,0.0,2.0,0.95
9.910,-0.347518,0.262093,0.900299,0.0,0.0,2.0,0.95
9.920,-0.306789,0.259885,0.915609,0.0,0.0,2.0,0.95
9.930,-0.281725,0.201414,0.938117,0.0,0.0,2.0,0.95
9.940,-0.300886,0.209371,0.930393,0.0,0.0,2.0,0.95
9.950,-0.252336,0.193158,0.948165,0.0,0.0,2.0,0.95
9.960,-0.349603,0.224244,0.909666,0.0,0.0,2.0,0.95
9.970,-0.389995,0.220447,0.894040,0.0,0.0,2.0,0.95
9.980,-0.250519,0.272720,0.928905,0.0,0.0,2.0,0.95
9.990,-0.360958,0.175659,0.915889,0.0,0.0,2.0,0.95
